{"cameraMode":{"drawMode":0,"name":"Shaded","section":"Shading Mode"},"sceneLighting":true,"audioPlay":false,"sceneViewState":{"m_AlwaysRefresh":false,"showFog":true,"showSkybox":true,"showFlares":true,"showImageEffects":true,"showParticleSystems":true,"showVisualEffectGraphs":true,"m_FxEnabled":true},"in2DMode":false,"pivot":{"x":653.0728149414063,"y":740.5198364257813,"z":448.5013427734375},"rotation":{"x":0.002690321998670697,"y":0.015596485696732998,"z":0.00004165735299466178,"w":-0.9998753666877747},"size":1415.056884765625,"orthographic":false}