{"cameraMode":{"drawMode":0,"name":"Shaded","section":"Shading Mode"},"sceneLighting":false,"audioPlay":false,"sceneViewState":{"m_AlwaysRefresh":false,"showFog":true,"showSkybox":false,"showFlares":true,"showImageEffects":true,"showParticleSystems":true,"showVisualEffectGraphs":true,"m_FxEnabled":true},"in2DMode":false,"pivot":{"x":0.11716264486312866,"y":-0.08849453926086426,"z":0.2636978030204773},"rotation":{"x":-0.5326309204101563,"y":-0.12541091442108155,"z":0.08017393946647644,"w":-0.8331599831581116},"size":7.875162601470947,"orthographic":false}